<?xml version="1.0" encoding="UTF-8" standalone="no"?>
<!DOCTYPE properties SYSTEM "http://java.sun.com/dtd/properties.dtd">
<properties>
<comment>NWTIS konfiguracija</comment>
<entry key="server.database">jdbc:mysql://localhost:3306/</entry>
<entry key="user.database">nwtis_g3?useSSL=false</entry>
<entry key="admin.username">nwtis_admin</entry>
<entry key="admin.password">nwtis_foi</entry>
<entry key="admin.database">nwtis_g3</entry>
<entry key="user.username">nwtis_g3</entry>
<entry key="user.password">nwtis#g3</entry>
<entry key="jdbc.mysql">com.mysql.cj.jdbc.Driver</entry>
<entry key="jdbc.derby">org.apache.derby.jdbc.ClientDriver</entry>
<entry key="jdbc.hsqldb.hsql">org.hsqldb.jdbcDriver</entry>
<entry key="stranica.brojRedova">300</entry>
<entry key="adresa.servera">localhost</entry>
<entry key="port">8003</entry>
<entry key="aplikacija3.adresa">http://localhost:8080/lcmrecak-aplikacija_3/api</entry>
<entry key="sustav.korisnik">pkos</entry>
<entry key="sustav.lozinka">123456</entry>
</properties>