<?xml version="1.0" encoding="UTF-8" standalone="no"?>
<!DOCTYPE properties SYSTEM "http://java.sun.com/dtd/properties.dtd">
<properties>
<comment>NWTIS konfiguracija</comment>
<entry key="server.database">jdbc:mysql://localhost:3306/</entry>
<entry key="user.database">nwtis_g3?useSSL=false</entry>
<entry key="admin.username">nwtis_admin</entry>
<entry key="admin.password">nwtis_foi</entry>
<entry key="admin.database">nwtis_g3</entry>
<entry key="user.username">nwtis_g3</entry>
<entry key="user.password">nwtis#g3</entry>
<entry key="jdbc.mysql">com.mysql.cj.jdbc.Driver</entry>
<entry key="jdbc.derby">org.apache.derby.jdbc.ClientDriver</entry>
<entry key="jdbc.hsqldb.hsql">org.hsqldb.jdbcDriver</entry>
<entry key="LocationIQ.token">pk.91619b8a0ac0238aeee7052c00b2c136</entry>
<entry key="OpenWeatherMap.apikey">5f90a8a469ed8700d3e3b4026f4860f4</entry>
<entry key="OpenSkyNetwork.korisnik">lcmrecak</entry>
<entry key="OpenSkyNetwork.lozinka">admin</entry>
<entry key="dnevnik.datoteka">NWTiS_dnevnik.txt</entry>
<entry key="ciklus.vrijeme">300</entry>
<entry key="ciklus.korekcija">10</entry>
<entry key="preuzimanje.odmak">3</entry>
<entry key="preuzimanje.pauza">20</entry>
<entry key="preuzimanje.od">01.01.2022</entry>
<entry key="preuzimanje.do">02.01.2022</entry>
<entry key="preuzimanje.vrijeme">6</entry>
<entry key="zeton.trajanje">100</entry>
<entry key="sustav.administratori">admin</entry>
<entry key="adresa.servera">localhost</entry>
<entry key="port">8003</entry>


</properties>