{
	"folders": {},
	"connections": {
		"hsqldb_server-18099d75fef-1de85b2c44652d31": {
			"provider": "generic",
			"driver": "hsqldb_server",
			"name": "HSQLDB - nwtis_g3 - nwtis_g3",
			"save-password": true,
			"read-only": false,
			"configuration": {
				"host": "localhost",
				"port": "9001",
				"database": "nwtis_g3",
				"url": "jdbc:hsqldb:hsql://localhost:9001/nwtis_g3",
				"type": "dev",
				"auth-model": "native"
			},
			"filters": [
				{
					"type": "org.jkiss.dbeaver.model.struct.rdb.DBSSchema",
					"enabled": true,
					"include": [
						"PUBLIC"
					]
				}
			]
		},
		"hsqldb_server-18099d76101-5b174f643acf6d2e": {
			"provider": "generic",
			"driver": "hsqldb_server",
			"name": "HSQLDB - nwtis_g3 - SA",
			"save-password": true,
			"read-only": false,
			"configuration": {
				"host": "localhost",
				"port": "9001",
				"database": "nwtis_g3",
				"url": "jdbc:hsqldb:hsql://localhost:9001/nwtis_g3",
				"type": "dev",
				"auth-model": "native"
			}
		},
		"mysql8-18099d761b9-5b0c1cabde349289": {
			"provider": "mysql",
			"driver": "mysql8",
			"name": "MySQL  - nwtis_g3 - root",
			"save-password": true,
			"read-only": false,
			"configuration": {
				"host": "localhost",
				"port": "3306",
				"url": "jdbc:mysql://localhost:3306/",
				"type": "dev",
				"properties": {
					"connectTimeout": "20000",
					"rewriteBatchedStatements": "true",
					"enabledTLSProtocols": "TLSv1,TLSv1.1,TLSv1.2"
				},
				"auth-model": "native"
			}
		},
		"mysql8-18099d762ad-5dba86a5c20cf56a": {
			"provider": "mysql",
			"driver": "mysql8",
			"name": "MySQL - nwtis_g3 - nwtis_g3",
			"save-password": true,
			"read-only": false,
			"configuration": {
				"host": "localhost",
				"port": "3306",
				"url": "jdbc:mysql://localhost:3306/",
				"type": "dev",
				"properties": {
					"connectTimeout": "20000",
					"rewriteBatchedStatements": "true",
					"enabledTLSProtocols": "TLSv1,TLSv1.1,TLSv1.2",
					"allowPublicKeyRetrieval": "TRUE",
					"useSSL": "FALSE"
				},
				"auth-model": "native"
			}
		}
	},
	"connection-types": {
		"dev": {
			"name": "Development",
			"color": "255,255,255",
			"description": "Regular development database",
			"auto-commit": true,
			"confirm-execute": false,
			"confirm-data-change": false,
			"auto-close-transactions": false
		}
	}
}