{
	"folders": {},
	"connections": {
		"mysql8-1815c69c6c3-4337cdc1c87df5df": {
			"provider": "mysql",
			"driver": "mysql8",
			"name": "MySQL nwtis_bp_1",
			"save-password": true,
			"read-only": false,
			"configuration": {
				"host": "localhost",
				"port": "3306",
				"url": "jdbc:mysql://localhost:3306/",
				"type": "dev",
				"properties": {
					"connectTimeout": "20000",
					"rewriteBatchedStatements": "true",
					"enabledTLSProtocols": "TLSv1,TLSv1.1,TLSv1.2"
				},
				"auth-model": "native",
				"handlers": {}
			}
		},
		"mysql8-1815c76801d-4b6cdb0ad5022c9": {
			"provider": "mysql",
			"driver": "mysql8",
			"name": "MySQL nwtis_bp_1",
			"save-password": true,
			"read-only": false,
			"configuration": {
				"host": "localhost",
				"port": "3306",
				"url": "jdbc:mysql://localhost:3306/",
				"type": "dev",
				"properties": {
					"connectTimeout": "20000",
					"rewriteBatchedStatements": "true",
					"enabledTLSProtocols": "TLSv1,TLSv1.1,TLSv1.2",
					"allowPublicKeyRetrieval": "TRUE",
					"useSSL": "FALSE"
				},
				"auth-model": "native",
				"handlers": {}
			}
		},
		"hsqldb_server-18176d61d3f-24fa286256c59753": {
			"provider": "generic",
			"driver": "hsqldb_server",
			"name": "HSQLDB nwtis_bp_2",
			"save-password": true,
			"read-only": false,
			"configuration": {
				"host": "localhost",
				"port": "9001",
				"database": "nwtis_g3",
				"url": "jdbc:hsqldb:hsql://localhost:9001/nwtis_g3",
				"type": "dev",
				"auth-model": "native",
				"handlers": {}
			}
		},
		"hsqldb_server-18176db8517-386ab7cb11ab77a1": {
			"provider": "generic",
			"driver": "hsqldb_server",
			"name": "HSQLDB - nwtis_bp_2",
			"save-password": true,
			"read-only": false,
			"configuration": {
				"host": "localhost",
				"port": "9001",
				"database": "nwtis_g3",
				"url": "jdbc:hsqldb:hsql://localhost:9001/nwtis_g3",
				"type": "dev",
				"auth-model": "native",
				"handlers": {}
			},
			"filters": [
				{
					"type": "org.jkiss.dbeaver.model.struct.rdb.DBSSchema",
					"enabled": true,
					"include": [
						"PUBLIC"
					]
				}
			]
		}
	},
	"connection-types": {
		"dev": {
			"name": "Development",
			"color": "255,255,255",
			"description": "Regular development database",
			"auto-commit": true,
			"confirm-execute": false,
			"confirm-data-change": false,
			"auto-close-transactions": false
		}
	}
}