<?xml version="1.0" encoding="UTF-8"?>
<con:soapui-project id="a33aa590-b4ad-4c52-a3df-87ce5197975b" activeEnvironment="Default" name="REST Project 1" soapui-version="5.7.0" abortOnError="false" runType="SEQUENTIAL" resourceRoot="" xmlns:con="http://eviware.com/soapui/config"><con:settings/><con:interface xsi:type="con:RestService" id="8add9552-e3c8-456b-a752-5422f238b6df" wadlVersion="http://wadl.dev.java.net/2009/02" name="http://webpredmeti:8080" type="rest" xmlns:xsi="http://www.w3.org/2001/XMLSchema-instance"><con:settings/><con:definitionCache/><con:endpoints><con:endpoint>http://webpredmeti:8080</con:endpoint></con:endpoints><con:resource name="Lcmrecak-aplikacija_3" path="/lcmrecak-aplikacija_3/api" id="cae2303e-5ce5-43fe-948f-8c5090b5aaec"><con:settings/><con:parameters/><con:resource name="provjere" path="provjere" id="a72d0b5f-897e-4b2c-9988-250384f334df"><con:settings/><con:parameters/><con:resource name="{token}" path="{token}" id="ad9e54db-ba2b-4b70-a890-a54b3f14f7da"><con:settings/><con:parameters><con:parameter><con:name>token</con:name><con:value>token</con:value><con:style>TEMPLATE</con:style><con:default>token</con:default></con:parameter></con:parameters><con:method name="Provjera statusa zetona" id="80f024b8-9001-4be2-8096-d4b6c0af03f7" method="GET"><con:settings/><con:parameters/><con:representation type="RESPONSE"><con:mediaType>application/json</con:mediaType><con:status>200</con:status><con:params/></con:representation><con:representation type="FAULT"><con:mediaType>application/json</con:mediaType><con:status>404 401</con:status><con:params/></con:representation><con:representation type="RESPONSE"><con:mediaType xsi:nil="true"/><con:status>204</con:status><con:params/><con:element>data</con:element></con:representation><con:representation type="RESPONSE"><con:mediaType xsi:nil="true"/><con:status>204</con:status><con:params/><con:element>data</con:element></con:representation><con:representation type="RESPONSE"><con:mediaType xsi:nil="true"/><con:status>204</con:status><con:params/><con:element>data</con:element></con:representation><con:request name="Token status" id="e9aacbb5-e383-4957-8d00-5380e4e3c4c2" mediaType="application/json"><con:settings><con:setting id="com.eviware.soapui.impl.wsdl.WsdlRequest@request-headers">&lt;xml-fragment xmlns:con="http://eviware.com/soapui/config">
  &lt;con:entry key="lozinka" value="123456"/>
  &lt;con:entry key="korisnik" value="ivuk"/>
&lt;/xml-fragment></con:setting></con:settings><con:endpoint>http://webpredmeti:8080</con:endpoint><con:request/><con:originalUri>http://webpredmeti/lcmrecak-aplikacija_3/api/provjere/143</con:originalUri><con:credentials><con:authType>No Authorization</con:authType></con:credentials><con:jmsConfig JMSDeliveryMode="PERSISTENT"/><con:jmsPropertyConfig/><con:parameters><entry key="token" value="198" xmlns="http://eviware.com/soapui/config"/></con:parameters></con:request></con:method><con:method name="Brisanje zadnjeg zetona" id="a5e5ce32-5d11-4a96-8aa2-1eb21ca52513" method="DELETE"><con:settings/><con:parameters/><con:representation type="REQUEST"><con:mediaType>application/json</con:mediaType><con:params/></con:representation><con:representation type="RESPONSE"><con:mediaType>application/json</con:mediaType><con:status>200</con:status><con:params/></con:representation><con:representation type="FAULT"><con:mediaType>application/json</con:mediaType><con:status>401 404</con:status><con:params/></con:representation><con:request name="Brisanje zadnjeg zetona" id="37da5e3d-e119-4819-9427-6087fc5fe154" mediaType="application/json" postQueryString="false"><con:settings><con:setting id="com.eviware.soapui.impl.wsdl.WsdlRequest@request-headers">&lt;xml-fragment xmlns:con="http://eviware.com/soapui/config">
  &lt;con:entry key="lozinka" value="123456"/>
  &lt;con:entry key="korisnik" value="ivuk"/>
&lt;/xml-fragment></con:setting></con:settings><con:endpoint>http://webpredmeti:8080</con:endpoint><con:request/><con:originalUri>http://webpredmeti/lcmrecak-aplikacija_3/api/provjere/143</con:originalUri><con:credentials><con:authType>No Authorization</con:authType></con:credentials><con:jmsConfig JMSDeliveryMode="PERSISTENT"/><con:jmsPropertyConfig/><con:parameters><entry key="token" value="197" xmlns="http://eviware.com/soapui/config"/></con:parameters></con:request></con:method></con:resource><con:resource name="{korisnik}" path="korisnik/{korisnik}" id="26cfba0e-d837-43e9-a261-08268781f6b6"><con:settings/><con:parameters><con:parameter><con:name>korisnik</con:name><con:value>korisnik</con:value><con:style>TEMPLATE</con:style><con:default>korisnik</con:default></con:parameter></con:parameters><con:method name="Brisanje svih zetona" id="c97aeb6e-9c83-4739-8e03-0092fcc7ab64" method="DELETE"><con:settings/><con:parameters/><con:representation type="RESPONSE"><con:mediaType>application/json</con:mediaType><con:status>200</con:status><con:params/></con:representation><con:representation type="REQUEST"><con:mediaType>application/json</con:mediaType><con:params/></con:representation><con:representation type="FAULT"><con:mediaType>application/json</con:mediaType><con:status>401</con:status><con:params/></con:representation><con:request name="Brisanje svih zetona" id="cefc5515-468a-476f-b01c-823963e12251" mediaType="application/json" postQueryString="false"><con:settings><con:setting id="com.eviware.soapui.impl.wsdl.WsdlRequest@request-headers">&lt;xml-fragment xmlns:con="http://eviware.com/soapui/config">
  &lt;con:entry key="lozinka" value="123456"/>
  &lt;con:entry key="korisnik" value="pkos"/>
&lt;/xml-fragment></con:setting></con:settings><con:endpoint>http://webpredmeti:8080</con:endpoint><con:request/><con:originalUri>http://webpredmeti/lcmrecak-aplikacija_3/api/provjere/korisnik/ivuk</con:originalUri><con:credentials><con:authType>No Authorization</con:authType></con:credentials><con:jmsConfig JMSDeliveryMode="PERSISTENT"/><con:jmsPropertyConfig/><con:parameters><entry key="korisnik" value="pperic" xmlns="http://eviware.com/soapui/config"/></con:parameters><con:parameterOrder><con:entry>korisnik</con:entry></con:parameterOrder></con:request></con:method></con:resource><con:method name="Autentikacija" id="15012f05-61e1-4bd4-a065-93ed2bc066f8" method="GET"><con:settings/><con:parameters/><con:representation type="RESPONSE"><con:mediaType>application/json</con:mediaType><con:status>200</con:status><con:params/></con:representation><con:representation type="FAULT"><con:mediaType>application/json</con:mediaType><con:status>401</con:status><con:params/></con:representation><con:request name="Autentikacija" id="6cdaebcd-ff01-4fc2-81b5-56b274b58d2f" mediaType="application/json"><con:settings><con:setting id="com.eviware.soapui.impl.wsdl.WsdlRequest@request-headers">&lt;xml-fragment xmlns:con="http://eviware.com/soapui/config">
  &lt;con:entry key="lozinka" value="123456"/>
  &lt;con:entry key="korisnik" value="ivuk"/>
&lt;/xml-fragment></con:setting></con:settings><con:endpoint>http://webpredmeti:8080</con:endpoint><con:request/><con:originalUri>http://webpredmeti/lcmrecak-aplikacija_3/api/provjere</con:originalUri><con:credentials><con:authType>No Authorization</con:authType></con:credentials><con:jmsConfig JMSDeliveryMode="PERSISTENT"/><con:jmsPropertyConfig/><con:parameters/><con:parameterOrder/></con:request></con:method></con:resource><con:resource name="korisnici" path="korisnici" id="ce331bfc-64af-4767-a9ed-c8a6abb1501c"><con:settings/><con:parameters/><con:resource name="{korisnik}" path="{korisnik}" id="91261ba5-7046-4471-a89c-cb86b675a94a"><con:settings/><con:parameters><con:parameter><con:name>korisnik</con:name><con:value/><con:style>TEMPLATE</con:style><con:default/><con:description xsi:nil="true"/></con:parameter></con:parameters><con:method name="Daj korisnika" id="5cbbc051-3d8c-4bd1-9b85-42c3bf60231a" method="GET"><con:settings/><con:parameters/><con:representation type="RESPONSE"><con:mediaType xsi:nil="true"/><con:status>204</con:status><con:params/><con:element>data</con:element></con:representation><con:representation type="RESPONSE"><con:mediaType xsi:nil="true"/><con:status>204</con:status><con:params/><con:element>data</con:element></con:representation><con:representation type="RESPONSE"><con:mediaType xsi:nil="true"/><con:status>204</con:status><con:params/><con:element>data</con:element></con:representation><con:representation type="RESPONSE"><con:mediaType xsi:nil="true"/><con:status>204</con:status><con:params/><con:element>data</con:element></con:representation><con:representation type="RESPONSE"><con:mediaType xsi:nil="true"/><con:status>204</con:status><con:params/><con:element>data</con:element></con:representation><con:representation type="RESPONSE"><con:mediaType xsi:nil="true"/><con:status>204</con:status><con:params/><con:element>data</con:element></con:representation><con:representation type="RESPONSE"><con:mediaType xsi:nil="true"/><con:status>204</con:status><con:params/><con:element>data</con:element></con:representation><con:representation type="RESPONSE"><con:mediaType xsi:nil="true"/><con:status>204</con:status><con:params/><con:element>data</con:element></con:representation><con:representation type="RESPONSE"><con:mediaType xsi:nil="true"/><con:status>204</con:status><con:params/><con:element>data</con:element></con:representation><con:representation type="RESPONSE"><con:mediaType xsi:nil="true"/><con:status>204</con:status><con:params/><con:element>data</con:element></con:representation><con:representation type="RESPONSE"><con:mediaType xsi:nil="true"/><con:status>204</con:status><con:params/><con:element>data</con:element></con:representation><con:representation type="RESPONSE"><con:mediaType xsi:nil="true"/><con:status>204</con:status><con:params/><con:element>data</con:element></con:representation><con:representation type="RESPONSE"><con:mediaType xsi:nil="true"/><con:status>204</con:status><con:params/><con:element>data</con:element></con:representation><con:representation type="RESPONSE"><con:mediaType xsi:nil="true"/><con:status>204</con:status><con:params/><con:element>data</con:element></con:representation><con:representation type="RESPONSE"><con:mediaType xsi:nil="true"/><con:status>204</con:status><con:params/><con:element>data</con:element></con:representation><con:representation type="RESPONSE"><con:mediaType xsi:nil="true"/><con:status>204</con:status><con:params/><con:element>data</con:element></con:representation><con:representation type="RESPONSE"><con:mediaType xsi:nil="true"/><con:status>204</con:status><con:params/><con:element>data</con:element></con:representation><con:representation type="RESPONSE"><con:mediaType xsi:nil="true"/><con:status>204</con:status><con:params/><con:element>data</con:element></con:representation><con:representation type="RESPONSE"><con:mediaType xsi:nil="true"/><con:status>204</con:status><con:params/><con:element>data</con:element></con:representation><con:representation type="FAULT"><con:mediaType>application/json</con:mediaType><con:status>404</con:status><con:params/></con:representation><con:representation type="RESPONSE"><con:mediaType xsi:nil="true"/><con:status>204</con:status><con:params/><con:element>data</con:element></con:representation><con:representation type="RESPONSE"><con:mediaType xsi:nil="true"/><con:status>204</con:status><con:params/><con:element>data</con:element></con:representation><con:representation type="RESPONSE"><con:mediaType>application/json</con:mediaType><con:status>200</con:status><con:params/><con:element xmlns:ivuk="http://webpredmeti/lcmrecak-aplikacija_3/api/korisnici/ivuk">ivuk:Response</con:element></con:representation><con:representation type="RESPONSE"><con:mediaType xsi:nil="true"/><con:status>204</con:status><con:params/><con:element>data</con:element></con:representation><con:representation type="RESPONSE"><con:mediaType xsi:nil="true"/><con:status>204</con:status><con:params/><con:element>data</con:element></con:representation><con:representation type="RESPONSE"><con:mediaType xsi:nil="true"/><con:status>204</con:status><con:params/><con:element>data</con:element></con:representation><con:representation type="RESPONSE"><con:mediaType>text/html</con:mediaType><con:status>200</con:status><con:params/><con:element>html</con:element></con:representation><con:representation type="RESPONSE"><con:mediaType xsi:nil="true"/><con:status>204</con:status><con:params/><con:element>data</con:element></con:representation><con:representation type="RESPONSE"><con:mediaType xsi:nil="true"/><con:status>204</con:status><con:params/><con:element>data</con:element></con:representation><con:representation type="RESPONSE"><con:mediaType xsi:nil="true"/><con:status>204</con:status><con:params/><con:element>data</con:element></con:representation><con:representation type="RESPONSE"><con:mediaType xsi:nil="true"/><con:status>204</con:status><con:params/><con:element>data</con:element></con:representation><con:representation type="RESPONSE"><con:mediaType xsi:nil="true"/><con:status>204</con:status><con:params/><con:element>data</con:element></con:representation><con:representation type="RESPONSE"><con:mediaType xsi:nil="true"/><con:status>204</con:status><con:params/><con:element>data</con:element></con:representation><con:representation type="RESPONSE"><con:mediaType xsi:nil="true"/><con:status>204</con:status><con:params/><con:element>data</con:element></con:representation><con:representation type="RESPONSE"><con:mediaType xsi:nil="true"/><con:status>204</con:status><con:params/><con:element>data</con:element></con:representation><con:representation type="RESPONSE"><con:mediaType xsi:nil="true"/><con:status>204</con:status><con:params/><con:element>data</con:element></con:representation><con:representation type="FAULT"><con:mediaType>text/html</con:mediaType><con:status>404</con:status><con:params/><con:element xmlns:xht="http://www.w3.org/1999/xhtml">xht:html</con:element></con:representation><con:representation type="RESPONSE"><con:mediaType xsi:nil="true"/><con:status>204</con:status><con:params/><con:element>data</con:element></con:representation><con:representation type="RESPONSE"><con:mediaType xsi:nil="true"/><con:status>204</con:status><con:params/><con:element>data</con:element></con:representation><con:representation type="RESPONSE"><con:mediaType xsi:nil="true"/><con:status>204</con:status><con:params/><con:element>data</con:element></con:representation><con:representation type="RESPONSE"><con:mediaType xsi:nil="true"/><con:status>204</con:status><con:params/><con:element>data</con:element></con:representation><con:representation type="RESPONSE"><con:mediaType xsi:nil="true"/><con:status>204</con:status><con:params/><con:element>data</con:element></con:representation><con:representation type="RESPONSE"><con:mediaType xsi:nil="true"/><con:status>204</con:status><con:params/><con:element>data</con:element></con:representation><con:request name="Daj korisnika" id="fca61aa0-ed92-43db-8bdf-7fb92ec66ba7" mediaType="application/json"><con:settings><con:setting id="com.eviware.soapui.impl.wsdl.WsdlRequest@request-headers">&lt;xml-fragment xmlns:con="http://eviware.com/soapui/config">
  &lt;con:entry key="zeton" value="26"/>
  &lt;con:entry key="korisnik" value="pkos"/>
&lt;/xml-fragment></con:setting></con:settings><con:endpoint>http://localhost:8080</con:endpoint><con:request/><con:originalUri>http://webpredmeti/lcmrecak-aplikacija_3/api/korisnici/ivuk</con:originalUri><con:credentials><con:authType>No Authorization</con:authType></con:credentials><con:jmsConfig JMSDeliveryMode="PERSISTENT"/><con:jmsPropertyConfig/><con:parameters><entry key="korisnik" value="gramsay" xmlns="http://eviware.com/soapui/config"/></con:parameters><con:parameterOrder><con:entry>korisnik</con:entry></con:parameterOrder></con:request></con:method></con:resource><con:resource name="grupe" path="{korisnik}/grupe" id="835307a0-7e6a-454d-9537-2240f67cb354"><con:settings/><con:parameters><con:parameter><con:name>korisnik</con:name><con:value>korisnik</con:value><con:style>TEMPLATE</con:style><con:default>korisnik</con:default></con:parameter></con:parameters><con:method name="Daj grupe korisnika" id="dbc3594a-8ad3-4b32-bd25-4ab73d1bc80a" method="GET"><con:settings/><con:parameters/><con:representation type="RESPONSE"><con:mediaType>application/json</con:mediaType><con:status>200</con:status><con:params/><con:element>Response</con:element></con:representation><con:representation type="FAULT"><con:mediaType>application/json</con:mediaType><con:status>404</con:status><con:params/></con:representation><con:request name="Daj grupe korisnika" id="7690b6e1-1bb4-4ef7-95a7-7a61cc8a4537" mediaType="application/json"><con:settings><con:setting id="com.eviware.soapui.impl.wsdl.WsdlRequest@request-headers">&lt;xml-fragment xmlns:con="http://eviware.com/soapui/config">
  &lt;con:entry key="zeton" value="149"/>
  &lt;con:entry key="korisnik" value="ivuk"/>
&lt;/xml-fragment></con:setting></con:settings><con:endpoint>http://webpredmeti:8080</con:endpoint><con:request/><con:originalUri>http://webpredmeti/lcmrecak-aplikacija_3/api/korisnici/pkos/grupe</con:originalUri><con:credentials><con:authType>No Authorization</con:authType></con:credentials><con:jmsConfig JMSDeliveryMode="PERSISTENT"/><con:jmsPropertyConfig/><con:parameters><entry key="korisnik" value="pkos" xmlns="http://eviware.com/soapui/config"/></con:parameters><con:parameterOrder><con:entry>korisnik</con:entry></con:parameterOrder></con:request></con:method></con:resource><con:method name="Daj sve korisnike" id="bc6c14c7-48dd-42ce-845b-56be3accfaad" method="GET"><con:settings/><con:parameters/><con:representation type="RESPONSE"><con:mediaType>application/json</con:mediaType><con:status>200</con:status><con:params/><con:element>Response</con:element></con:representation><con:representation type="FAULT"><con:mediaType>application/json</con:mediaType><con:status>408 404</con:status><con:params/></con:representation><con:request name="Daj sve korisnike" id="dc3eb8cd-ecbb-4f94-acaa-bebd441e3a1e" mediaType="application/json"><con:settings><con:setting id="com.eviware.soapui.impl.wsdl.WsdlRequest@request-headers">&lt;xml-fragment xmlns:con="http://eviware.com/soapui/config">
  &lt;con:entry key="zeton" value="198"/>
  &lt;con:entry key="korisnik" value="ivuk"/>
&lt;/xml-fragment></con:setting></con:settings><con:endpoint>http://webpredmeti:8080</con:endpoint><con:request/><con:originalUri>http://webpredmeti/lcmrecak-aplikacija_3/api/korisnici</con:originalUri><con:credentials><con:authType>No Authorization</con:authType></con:credentials><con:jmsConfig JMSDeliveryMode="PERSISTENT"/><con:jmsPropertyConfig/><con:parameters/><con:parameterOrder/></con:request></con:method><con:method name="Dodaj korisnika" id="eda5044c-51d7-40e8-8a71-250a815efef7" method="POST"><con:settings/><con:parameters/><con:representation type="FAULT"><con:mediaType>application/json</con:mediaType><con:status>404 408</con:status><con:params/></con:representation><con:representation type="REQUEST"><con:mediaType>application/json</con:mediaType><con:params/></con:representation><con:representation type="RESPONSE"><con:mediaType>application/json</con:mediaType><con:status>200</con:status><con:params/></con:representation><con:request name="Dodaj korisnika" id="bc9f13c8-cce1-43a3-8c01-92e70eda6624" mediaType="application/json" postQueryString="false"><con:settings><con:setting id="com.eviware.soapui.impl.wsdl.WsdlRequest@request-headers">&lt;xml-fragment xmlns:con="http://eviware.com/soapui/config">
  &lt;con:entry key="zeton" value="149"/>
  &lt;con:entry key="korisnik" value="ivuk"/>
&lt;/xml-fragment></con:setting></con:settings><con:endpoint>http://webpredmeti:8080</con:endpoint><con:request>{"email":"gramsay@foi.hr","ime":"Gordon","korIme":"gramsay","lozinka":"123456","prezime":"Ramsay"}</con:request><con:originalUri>http://webpredmeti/lcmrecak-aplikacija_3/api/korisnici</con:originalUri><con:credentials><con:authType>No Authorization</con:authType></con:credentials><con:jmsConfig JMSDeliveryMode="PERSISTENT"/><con:jmsPropertyConfig/><con:parameters/><con:parameterOrder/></con:request></con:method></con:resource><con:resource name="serveri" path="serveri" id="2724b841-abb4-4c34-b870-bfd67b67271a"><con:settings/><con:parameters/><con:resource name="{komanda}" path="{komanda}" id="2841fbfa-44aa-4ee0-a6e3-9134139d08e6"><con:settings/><con:parameters><con:parameter><con:name>komanda</con:name><con:value>komanda</con:value><con:style>TEMPLATE</con:style><con:default>komanda</con:default></con:parameter></con:parameters><con:method name="Posalji komandu" id="38198697-7d9c-4500-9314-9ecefb56df2b" method="GET"><con:settings/><con:parameters/><con:representation type="RESPONSE"><con:mediaType>application/json</con:mediaType><con:status>200</con:status><con:params/></con:representation><con:representation type="FAULT"><con:mediaType>application/json</con:mediaType><con:status>400 408</con:status><con:params/></con:representation><con:request name="QUIT" id="7c81a0e0-1e31-4ab1-af98-ceec8aec4879" mediaType="application/json"><con:settings><con:setting id="com.eviware.soapui.impl.wsdl.WsdlRequest@request-headers">&lt;xml-fragment xmlns:con="http://eviware.com/soapui/config">
  &lt;con:entry key="zeton" value="198"/>
  &lt;con:entry key="korisnik" value="ivuk"/>
&lt;/xml-fragment></con:setting></con:settings><con:endpoint>http://webpredmeti:8080</con:endpoint><con:request/><con:originalUri>http://webpredmeti/lcmrecak-aplikacija_3/api/serveri/INIT</con:originalUri><con:credentials><con:authType>No Authorization</con:authType></con:credentials><con:jmsConfig JMSDeliveryMode="PERSISTENT"/><con:jmsPropertyConfig/><con:parameters><entry key="komanda" value="QUIT" xmlns="http://eviware.com/soapui/config"/></con:parameters><con:parameterOrder><con:entry>komanda</con:entry></con:parameterOrder></con:request><con:request name="CLEAR" id="81bc106e-6e7e-4ad2-9415-142f8f486928" mediaType="application/json"><con:settings><con:setting id="com.eviware.soapui.impl.wsdl.WsdlRequest@request-headers">&lt;xml-fragment xmlns:con="http://eviware.com/soapui/config">
  &lt;con:entry key="zeton" value="198"/>
  &lt;con:entry key="korisnik" value="ivuk"/>
&lt;/xml-fragment></con:setting></con:settings><con:endpoint>http://webpredmeti:8080</con:endpoint><con:request/><con:originalUri>http://webpredmeti/lcmrecak-aplikacija_3/api/serveri/CLEAR</con:originalUri><con:credentials><con:authType>No Authorization</con:authType></con:credentials><con:jmsConfig JMSDeliveryMode="PERSISTENT"/><con:jmsPropertyConfig/><con:parameters><entry key="komanda" value="CLEAR" xmlns="http://eviware.com/soapui/config"/></con:parameters><con:parameterOrder><con:entry>komanda</con:entry></con:parameterOrder></con:request><con:request name="INIT" id="086fbd6d-0573-4319-9946-84692cb31f87" mediaType="application/json"><con:settings><con:setting id="com.eviware.soapui.impl.wsdl.WsdlRequest@request-headers">&lt;xml-fragment xmlns:con="http://eviware.com/soapui/config">
  &lt;con:entry key="zeton" value="149"/>
  &lt;con:entry key="korisnik" value="ivuk"/>
&lt;/xml-fragment></con:setting></con:settings><con:endpoint>http://webpredmeti:8080</con:endpoint><con:request/><con:originalUri>http://webpredmeti/lcmrecak-aplikacija_3/api/serveri/INIT</con:originalUri><con:credentials><con:authType>No Authorization</con:authType></con:credentials><con:jmsConfig JMSDeliveryMode="PERSISTENT"/><con:jmsPropertyConfig/><con:parameters><entry key="komanda" value="INIT" xmlns="http://eviware.com/soapui/config"/></con:parameters></con:request></con:method></con:resource><con:resource name="LOAD" path="LOAD" id="e31369ae-53fd-40ad-99cd-3890e21b7767"><con:settings/><con:parameters/><con:method name="Ucitaj aerodrome" id="96a6ce42-8be6-4e09-ba6b-ce888526708f" method="POST"><con:settings/><con:parameters/><con:representation type="FAULT"><con:mediaType>application/json</con:mediaType><con:status>404 400 409</con:status><con:params/></con:representation><con:representation type="REQUEST"><con:mediaType>application/json</con:mediaType><con:params/></con:representation><con:request name="LOAD" id="f63326f1-d783-404e-8894-47d83be191df" mediaType="application/json" postQueryString="false"><con:settings><con:setting id="com.eviware.soapui.impl.wsdl.WsdlRequest@request-headers">&lt;xml-fragment xmlns:con="http://eviware.com/soapui/config">
  &lt;con:entry key="zeton" value="149"/>
  &lt;con:entry key="korisnik" value="ivuk"/>
&lt;/xml-fragment></con:setting></con:settings><con:endpoint>http://webpredmeti:8080</con:endpoint><con:request/><con:originalUri>http://webpredmeti/lcmrecak-aplikacija_3/api/serveri/LOAD</con:originalUri><con:credentials><con:authType>No Authorization</con:authType></con:credentials><con:jmsConfig JMSDeliveryMode="PERSISTENT"/><con:jmsPropertyConfig/><con:parameters/><con:parameterOrder/></con:request></con:method></con:resource><con:method name="Method 1" id="8516608c-0ffd-411c-b5f3-648757e6fa09" method="GET"><con:settings/><con:parameters/><con:representation type="FAULT"><con:mediaType>application/json</con:mediaType><con:status>401 408</con:status><con:params/></con:representation><con:representation type="RESPONSE"><con:mediaType>application/json</con:mediaType><con:status>200</con:status><con:params/></con:representation><con:request name="Daj status" id="46368c4b-f97f-4765-8efa-016342fa2c78" mediaType="application/json"><con:settings><con:setting id="com.eviware.soapui.impl.wsdl.WsdlRequest@request-headers">&lt;xml-fragment xmlns:con="http://eviware.com/soapui/config">
  &lt;con:entry key="zeton" value="198"/>
  &lt;con:entry key="korisnik" value="ivuk"/>
&lt;/xml-fragment></con:setting></con:settings><con:endpoint>http://webpredmeti:8080</con:endpoint><con:request/><con:originalUri>http://webpredmeti/lcmrecak-aplikacija_3/api/serveri</con:originalUri><con:credentials><con:authType>No Authorization</con:authType></con:credentials><con:jmsConfig JMSDeliveryMode="PERSISTENT"/><con:jmsPropertyConfig/><con:parameters/><con:parameterOrder/></con:request></con:method></con:resource><con:resource name="aerodromi" path="aerodromi" id="98e48d3f-e181-4b4c-b627-09fe7f31118f"><con:settings/><con:parameters/><con:resource name="{icao}" path="{icao}" id="fb4b873f-e55b-4dbe-8b35-aae7e47ed4d3"><con:settings/><con:parameters><con:parameter><con:name>icao</con:name><con:value>icao</con:value><con:style>TEMPLATE</con:style><con:default>icao</con:default></con:parameter></con:parameters><con:method name="Daj praceni aerodrom" id="2cb2d3a8-1be1-49b0-ade3-101623968f84" method="GET"><con:settings/><con:parameters/><con:representation type="RESPONSE"><con:mediaType>application/json</con:mediaType><con:status>200</con:status><con:params/><con:element xmlns:ldza="http://webpredmeti/lcmrecak-aplikacija_3/api/aerodromi/LDZA">ldza:Response</con:element></con:representation><con:request name="Daj aerodrom" id="1a4664a8-7d4b-427e-ad40-a293237eeae2" mediaType="application/json"><con:settings><con:setting id="com.eviware.soapui.impl.wsdl.WsdlRequest@request-headers">&lt;xml-fragment xmlns:con="http://eviware.com/soapui/config">
  &lt;con:entry key="zeton" value="149"/>
  &lt;con:entry key="korisnik" value="ivuk"/>
&lt;/xml-fragment></con:setting></con:settings><con:endpoint>http://webpredmeti:8080</con:endpoint><con:request/><con:originalUri>http://webpredmeti/lcmrecak-aplikacija_3/api/aerodromi/LDZA</con:originalUri><con:credentials><con:authType>No Authorization</con:authType></con:credentials><con:jmsConfig JMSDeliveryMode="PERSISTENT"/><con:jmsPropertyConfig/><con:parameters><entry key="icao" value="LDZA" xmlns="http://eviware.com/soapui/config"/></con:parameters></con:request></con:method></con:resource><con:resource name="polasci" path="{icao}/polasci" id="d81a082b-fae5-4a7c-bf38-768b4e710f3f"><con:settings/><con:parameters><con:parameter><con:name>icao</con:name><con:value>icao</con:value><con:style>TEMPLATE</con:style><con:default>icao</con:default></con:parameter><con:parameter><con:name>vrsta</con:name><con:value/><con:style>QUERY</con:style><con:default/><con:description xsi:nil="true"/></con:parameter><con:parameter><con:name>od</con:name><con:value/><con:style>QUERY</con:style><con:default/><con:description xsi:nil="true"/></con:parameter><con:parameter><con:name>do</con:name><con:value/><con:style>QUERY</con:style><con:default/><con:description xsi:nil="true"/></con:parameter></con:parameters><con:method name="Daj polaske" id="72b0a009-7f22-41a0-a738-206cd3a3ab42" method="GET"><con:settings/><con:parameters/><con:representation type="RESPONSE"><con:mediaType>application/json</con:mediaType><con:status>200</con:status><con:params/><con:element>Response</con:element></con:representation><con:representation type="FAULT"><con:mediaType>text/html</con:mediaType><con:status>500</con:status><con:params/><con:element xmlns:xht="http://www.w3.org/1999/xhtml">xht:html</con:element></con:representation><con:request name="Polasci" id="83b9b6ef-15a3-4152-b7fc-c815758f6b01" mediaType="application/json"><con:settings><con:setting id="com.eviware.soapui.impl.wsdl.WsdlRequest@request-headers">&lt;xml-fragment xmlns:con="http://eviware.com/soapui/config">
  &lt;con:entry key="zeton" value="149"/>
  &lt;con:entry key="korisnik" value="ivuk"/>
&lt;/xml-fragment></con:setting></con:settings><con:endpoint>http://webpredmeti:8080</con:endpoint><con:request/><con:originalUri>http://webpredmeti/lcmrecak-aplikacija_3/api/aerodromi/icao/polasci</con:originalUri><con:credentials><con:authType>No Authorization</con:authType></con:credentials><con:jmsConfig JMSDeliveryMode="PERSISTENT"/><con:jmsPropertyConfig/><con:parameters>
  <con:entry key="vrsta" value="1"/>
  <con:entry key="od" value="1641077577"/>
  <con:entry key="icao" value="LOWW"/>
  <con:entry key="do" value="1641077581"/>
</con:parameters><con:parameterOrder><con:entry>icao</con:entry><con:entry>vrsta</con:entry><con:entry>od</con:entry><con:entry>do</con:entry></con:parameterOrder></con:request></con:method></con:resource><con:resource name="dolasci" path="{icao}/dolasci" id="edca592e-5d3c-4272-a114-fcee61bc7e88"><con:settings/><con:parameters><con:parameter><con:name>icao</con:name><con:value>icao</con:value><con:style>TEMPLATE</con:style><con:default>icao</con:default></con:parameter><con:parameter><con:name>vrsta</con:name><con:value/><con:style>QUERY</con:style><con:default/><con:description xsi:nil="true"/></con:parameter><con:parameter><con:name>od</con:name><con:value/><con:style>QUERY</con:style><con:default/><con:description xsi:nil="true"/></con:parameter><con:parameter><con:name>do</con:name><con:value/><con:style>QUERY</con:style><con:default/><con:description xsi:nil="true"/></con:parameter></con:parameters><con:method name="Daj dolaske" id="e36ad669-e535-4767-9336-5d03d7b07551" method="GET"><con:settings/><con:parameters/><con:representation type="RESPONSE"><con:mediaType>application/json</con:mediaType><con:status>200</con:status><con:params/><con:element>Response</con:element></con:representation><con:request name="Dolasci" id="2fdf1ac4-6cd7-4d90-8d30-ed731bb39147" mediaType="application/json"><con:settings><con:setting id="com.eviware.soapui.impl.wsdl.WsdlRequest@request-headers">&lt;xml-fragment xmlns:con="http://eviware.com/soapui/config">
  &lt;con:entry key="zeton" value="149"/>
  &lt;con:entry key="korisnik" value="ivuk"/>
&lt;/xml-fragment></con:setting></con:settings><con:endpoint>http://webpredmeti:8080</con:endpoint><con:request/><con:originalUri>http://webpredmeti/lcmrecak-aplikacija_3/api/aerodromi/icao/dolasci</con:originalUri><con:credentials><con:authType>No Authorization</con:authType></con:credentials><con:jmsConfig JMSDeliveryMode="PERSISTENT"/><con:jmsPropertyConfig/><con:parameters>
  <con:entry key="vrsta" value="1"/>
  <con:entry key="od" value="31.12.2021"/>
  <con:entry key="do" value="02.01.2022"/>
</con:parameters><con:parameterOrder><con:entry>icao</con:entry><con:entry>vrsta</con:entry><con:entry>od</con:entry><con:entry>do</con:entry></con:parameterOrder></con:request></con:method></con:resource><con:resource name="{icao2}" path="{icao1}/{icao2}" id="64084493-3a02-451d-a2ee-0d9267f0f9bf"><con:settings/><con:parameters><con:parameter><con:name>icao1</con:name><con:value>icao1</con:value><con:style>TEMPLATE</con:style><con:default>icao1</con:default></con:parameter><con:parameter><con:name>icao2</con:name><con:value>icao2</con:value><con:style>TEMPLATE</con:style><con:default>icao2</con:default></con:parameter></con:parameters><con:method name="Udaljenost" id="b24c9ddf-0d71-472b-97a7-4d33ef100db6" method="GET"><con:settings/><con:parameters/><con:representation type="RESPONSE"><con:mediaType>application/json</con:mediaType><con:status>200</con:status><con:params/></con:representation><con:representation type="FAULT"><con:mediaType>text/html</con:mediaType><con:status>404</con:status><con:params/><con:element xmlns:xht="http://www.w3.org/1999/xhtml">xht:html</con:element></con:representation><con:representation type="FAULT"><con:mediaType>application/json</con:mediaType><con:status>400</con:status><con:params/></con:representation><con:request name="Udaljenost" id="02aa49cf-3ba8-4493-8d91-2d21baea7ae3" mediaType="application/json"><con:settings><con:setting id="com.eviware.soapui.impl.wsdl.WsdlRequest@request-headers">&lt;xml-fragment xmlns:con="http://eviware.com/soapui/config">
  &lt;con:entry key="zeton" value="149"/>
  &lt;con:entry key="korisnik" value="ivuk"/>
&lt;/xml-fragment></con:setting></con:settings><con:endpoint>http://webpredmeti:8080</con:endpoint><con:request/><con:originalUri>http://webpredmeti/lcmrecak-aplikacija_3/api/aerodromi/LDZA/LOWW</con:originalUri><con:credentials><con:authType>No Authorization</con:authType></con:credentials><con:jmsConfig JMSDeliveryMode="PERSISTENT"/><con:jmsPropertyConfig/><con:parameters>
  <con:entry key="icao2" value="LOW"/>
  <con:entry key="icao1" value="LDZA"/>
</con:parameters></con:request></con:method></con:resource><con:method name="Daj aerodrome" id="364cb792-145d-4b76-ad63-1b5785bad619" method="GET"><con:settings/><con:parameters/><con:representation type="RESPONSE"><con:mediaType>application/json</con:mediaType><con:status>200</con:status><con:params/><con:element>Response</con:element></con:representation><con:request name="Daj aerodrome" id="39d13497-03cf-4bef-a258-d196f5917f29" mediaType="application/json"><con:settings><con:setting id="com.eviware.soapui.impl.wsdl.WsdlRequest@request-headers">&lt;xml-fragment xmlns:con="http://eviware.com/soapui/config">
  &lt;con:entry key="zeton" value="149"/>
  &lt;con:entry key="korisnik" value="ivuk"/>
&lt;/xml-fragment></con:setting></con:settings><con:endpoint>http://webpredmeti:8080</con:endpoint><con:request/><con:originalUri>http://webpredmeti/lcmrecak-aplikacija_3/api/aerodromi</con:originalUri><con:credentials><con:authType>No Authorization</con:authType></con:credentials><con:jmsConfig JMSDeliveryMode="PERSISTENT"/><con:jmsPropertyConfig/><con:parameters/><con:parameterOrder/></con:request></con:method><con:method name="Dodaj aerodrom za pratiti" id="f8b963ac-6997-4b3d-b974-be5ff17c5daa" method="POST"><con:settings/><con:parameters/><con:representation type="FAULT"><con:mediaType>text/html</con:mediaType><con:status>500</con:status><con:params/><con:element xmlns:xht="http://www.w3.org/1999/xhtml">xht:html</con:element></con:representation><con:representation type="REQUEST"><con:mediaType>application/json</con:mediaType><con:params/></con:representation><con:representation type="RESPONSE"><con:mediaType>application/json</con:mediaType><con:status>200</con:status><con:params/></con:representation><con:request name="Dodaj aerodrom" id="909a7d6b-c919-4b74-87d0-37c3ad451cac" mediaType="application/json" postQueryString="false"><con:settings><con:setting id="com.eviware.soapui.impl.wsdl.WsdlRequest@request-headers">&lt;xml-fragment xmlns:con="http://eviware.com/soapui/config">
  &lt;con:entry key="zeton" value="149"/>
  &lt;con:entry key="korisnik" value="ivuk"/>
&lt;/xml-fragment></con:setting></con:settings><con:endpoint>http://webpredmeti:8080</con:endpoint><con:request>{"drzava":"AE","icao":"OMDB","lokacija":{"latitude":"55.3643989563","longitude":"25.2527999878"},"naziv":"Dubai International Airport"}</con:request><con:originalUri>http://webpredmeti/lcmrecak-aplikacija_3/api/aerodromi</con:originalUri><con:credentials><con:authType>No Authorization</con:authType></con:credentials><con:jmsConfig JMSDeliveryMode="PERSISTENT"/><con:jmsPropertyConfig/><con:parameters/><con:parameterOrder/></con:request></con:method></con:resource></con:resource></con:interface><con:properties/><con:wssContainer/><con:oAuth2ProfileContainer/><con:oAuth1ProfileContainer/></con:soapui-project>