<?xml version="1.0" encoding="UTF-8"?>
<con:soapui-project id="23dd8262-7f2a-4aad-b79a-59ac4af57721" activeEnvironment="Default" name="SOAP - aplikacija_5" resourceRoot="" soapui-version="5.7.0" abortOnError="false" runType="SEQUENTIAL" xmlns:con="http://eviware.com/soapui/config"><con:settings/><con:interface xsi:type="con:WsdlInterface" id="b2f4d2d7-b418-49de-9d94-660075f8947b" wsaVersion="NONE" name="WsAerodromiPortBinding" type="wsdl" bindingName="{http://ws.projekt.lcmrecak.nwtis.foi.org/}WsAerodromiPortBinding" soapVersion="1_1" anonymous="optional" definition="http://webpredmeti:9090/lcmrecak-aplikacija_5/aerodromi?wsdl" xmlns:xsi="http://www.w3.org/2001/XMLSchema-instance"><con:settings/><con:definitionCache type="TEXT" rootPart="http://webpredmeti:9090/lcmrecak-aplikacija_5/aerodromi?wsdl"><con:part><con:url>http://webpredmeti:9090/lcmrecak-aplikacija_5/aerodromi?wsdl</con:url><con:content><![CDATA[<!--Published by JAX-WS RI (https://github.com/eclipse-ee4j/metro-jax-ws). RI's version is Eclipse Metro/3.0.3 (RELEASE-3.0.3-7a63cef; 2021-10-13T11:40:48+0000) JAXWS-RI/3.0.2 JAXWS-API/3.0.1 JAXB-RI/3.0.2 JAXB-API/3.0.1 git-revision#7a63cef.-->
<!--Generated by JAX-WS RI (https://github.com/eclipse-ee4j/metro-jax-ws). RI's version is Eclipse Metro/3.0.3 (RELEASE-3.0.3-7a63cef; 2021-10-13T11:40:48+0000) JAXWS-RI/3.0.2 JAXWS-API/3.0.1 JAXB-RI/3.0.2 JAXB-API/3.0.1 git-revision#7a63cef.-->
<definitions targetNamespace="http://ws.projekt.lcmrecak.nwtis.foi.org/" name="aerodromi" xmlns:wsu="http://docs.oasis-open.org/wss/2004/01/oasis-200401-wss-wssecurity-utility-1.0.xsd" xmlns:wsp="http://www.w3.org/ns/ws-policy" xmlns:wsp1_2="http://schemas.xmlsoap.org/ws/2004/09/policy" xmlns:wsam="http://www.w3.org/2007/05/addressing/metadata" xmlns:soap="http://schemas.xmlsoap.org/wsdl/soap/" xmlns:tns="http://ws.projekt.lcmrecak.nwtis.foi.org/" xmlns:xsd="http://www.w3.org/2001/XMLSchema" xmlns="http://schemas.xmlsoap.org/wsdl/">
  <types>
    <xsd:schema>
      <xsd:import namespace="http://ws.projekt.lcmrecak.nwtis.foi.org/" schemaLocation="http://webpredmeti:9090/lcmrecak-aplikacija_5/aerodromi?xsd=1"/>
    </xsd:schema>
  </types>
  <message name="dajPolaskeDan">
    <part name="parameters" element="tns:dajPolaskeDan"/>
  </message>
  <message name="dajPolaskeDanResponse">
    <part name="parameters" element="tns:dajPolaskeDanResponse"/>
  </message>
  <message name="dajPBP">
    <part name="parameters" element="tns:dajPBP"/>
  </message>
  <message name="dajPBPResponse">
    <part name="parameters" element="tns:dajPBPResponse"/>
  </message>
  <message name="dajPolaskeVrijeme">
    <part name="parameters" element="tns:dajPolaskeVrijeme"/>
  </message>
  <message name="dajPolaskeVrijemeResponse">
    <part name="parameters" element="tns:dajPolaskeVrijemeResponse"/>
  </message>
  <message name="dodajAerodromPreuzimanje">
    <part name="parameters" element="tns:dodajAerodromPreuzimanje"/>
  </message>
  <message name="dodajAerodromPreuzimanjeResponse">
    <part name="parameters" element="tns:dodajAerodromPreuzimanjeResponse"/>
  </message>
  <portType name="WsAerodromi">
    <operation name="dajPolaskeDan">
      <input wsam:Action="http://ws.projekt.lcmrecak.nwtis.foi.org/WsAerodromi/dajPolaskeDanRequest" message="tns:dajPolaskeDan"/>
      <output wsam:Action="http://ws.projekt.lcmrecak.nwtis.foi.org/WsAerodromi/dajPolaskeDanResponse" message="tns:dajPolaskeDanResponse"/>
    </operation>
    <operation name="dajPBP">
      <input wsam:Action="http://ws.projekt.lcmrecak.nwtis.foi.org/WsAerodromi/dajPBPRequest" message="tns:dajPBP"/>
      <output wsam:Action="http://ws.projekt.lcmrecak.nwtis.foi.org/WsAerodromi/dajPBPResponse" message="tns:dajPBPResponse"/>
    </operation>
    <operation name="dajPolaskeVrijeme">
      <input wsam:Action="http://ws.projekt.lcmrecak.nwtis.foi.org/WsAerodromi/dajPolaskeVrijemeRequest" message="tns:dajPolaskeVrijeme"/>
      <output wsam:Action="http://ws.projekt.lcmrecak.nwtis.foi.org/WsAerodromi/dajPolaskeVrijemeResponse" message="tns:dajPolaskeVrijemeResponse"/>
    </operation>
    <operation name="dodajAerodromPreuzimanje">
      <input wsam:Action="http://ws.projekt.lcmrecak.nwtis.foi.org/WsAerodromi/dodajAerodromPreuzimanjeRequest" message="tns:dodajAerodromPreuzimanje"/>
      <output wsam:Action="http://ws.projekt.lcmrecak.nwtis.foi.org/WsAerodromi/dodajAerodromPreuzimanjeResponse" message="tns:dodajAerodromPreuzimanjeResponse"/>
    </operation>
  </portType>
  <binding name="WsAerodromiPortBinding" type="tns:WsAerodromi">
    <soap:binding transport="http://schemas.xmlsoap.org/soap/http" style="document"/>
    <operation name="dajPolaskeDan">
      <soap:operation soapAction=""/>
      <input>
        <soap:body use="literal"/>
      </input>
      <output>
        <soap:body use="literal"/>
      </output>
    </operation>
    <operation name="dajPBP">
      <soap:operation soapAction=""/>
      <input>
        <soap:body use="literal"/>
      </input>
      <output>
        <soap:body use="literal"/>
      </output>
    </operation>
    <operation name="dajPolaskeVrijeme">
      <soap:operation soapAction=""/>
      <input>
        <soap:body use="literal"/>
      </input>
      <output>
        <soap:body use="literal"/>
      </output>
    </operation>
    <operation name="dodajAerodromPreuzimanje">
      <soap:operation soapAction=""/>
      <input>
        <soap:body use="literal"/>
      </input>
      <output>
        <soap:body use="literal"/>
      </output>
    </operation>
  </binding>
  <service name="aerodromi">
    <port name="WsAerodromiPort" binding="tns:WsAerodromiPortBinding">
      <soap:address location="http://webpredmeti:9090/lcmrecak-aplikacija_5/aerodromi"/>
    </port>
  </service>
</definitions>]]></con:content><con:type>http://schemas.xmlsoap.org/wsdl/</con:type></con:part><con:part><con:url>http://webpredmeti:9090/lcmrecak-aplikacija_5/aerodromi?xsd=1</con:url><con:content><![CDATA[<!--Published by JAX-WS RI (https://github.com/eclipse-ee4j/metro-jax-ws). RI's version is Eclipse Metro/3.0.3 (RELEASE-3.0.3-7a63cef; 2021-10-13T11:40:48+0000) JAXWS-RI/3.0.2 JAXWS-API/3.0.1 JAXB-RI/3.0.2 JAXB-API/3.0.1 git-revision#7a63cef.-->
<xs:schema version="1.0" targetNamespace="http://ws.projekt.lcmrecak.nwtis.foi.org/" xmlns:tns="http://ws.projekt.lcmrecak.nwtis.foi.org/" xmlns:xs="http://www.w3.org/2001/XMLSchema">
  <xs:element name="dajPBP" type="tns:dajPBP"/>
  <xs:element name="dajPBPResponse" type="tns:dajPBPResponse"/>
  <xs:element name="dajPolaskeDan" type="tns:dajPolaskeDan"/>
  <xs:element name="dajPolaskeDanResponse" type="tns:dajPolaskeDanResponse"/>
  <xs:element name="dajPolaskeVrijeme" type="tns:dajPolaskeVrijeme"/>
  <xs:element name="dajPolaskeVrijemeResponse" type="tns:dajPolaskeVrijemeResponse"/>
  <xs:element name="dodajAerodromPreuzimanje" type="tns:dodajAerodromPreuzimanje"/>
  <xs:element name="dodajAerodromPreuzimanjeResponse" type="tns:dodajAerodromPreuzimanjeResponse"/>
  <xs:complexType name="dajPBP">
    <xs:sequence/>
  </xs:complexType>
  <xs:complexType name="dajPBPResponse">
    <xs:sequence>
      <xs:element name="return" type="tns:postavkeBazaPodataka" minOccurs="0"/>
    </xs:sequence>
  </xs:complexType>
  <xs:complexType name="postavkeBazaPodataka">
    <xs:complexContent>
      <xs:extension base="tns:konfiguracijaApstraktna">
        <xs:sequence/>
      </xs:extension>
    </xs:complexContent>
  </xs:complexType>
  <xs:complexType name="konfiguracijaApstraktna" abstract="true">
    <xs:sequence/>
  </xs:complexType>
  <xs:complexType name="dajPolaskeDan">
    <xs:sequence>
      <xs:element name="arg0" type="xs:string" minOccurs="0"/>
      <xs:element name="arg1" type="xs:string" minOccurs="0"/>
      <xs:element name="arg2" type="xs:string" minOccurs="0"/>
      <xs:element name="arg3" type="xs:string" minOccurs="0"/>
      <xs:element name="arg4" type="xs:string" minOccurs="0"/>
    </xs:sequence>
  </xs:complexType>
  <xs:complexType name="dajPolaskeDanResponse">
    <xs:sequence>
      <xs:element name="return" type="tns:avionLeti" minOccurs="0" maxOccurs="unbounded"/>
    </xs:sequence>
  </xs:complexType>
  <xs:complexType name="avionLeti">
    <xs:sequence>
      <xs:element name="arrivalAirportCandidatesCount" type="xs:int"/>
      <xs:element name="callsign" type="xs:string" minOccurs="0"/>
      <xs:element name="departureAirportCandidatesCount" type="xs:int"/>
      <xs:element name="estArrivalAirport" type="xs:string" minOccurs="0"/>
      <xs:element name="estArrivalAirportHorizDistance" type="xs:int"/>
      <xs:element name="estArrivalAirportVertDistance" type="xs:int"/>
      <xs:element name="estDepartureAirport" type="xs:string" minOccurs="0"/>
      <xs:element name="estDepartureAirportHorizDistance" type="xs:int"/>
      <xs:element name="estDepartureAirportVertDistance" type="xs:int"/>
      <xs:element name="firstSeen" type="xs:int"/>
      <xs:element name="icao24" type="xs:string" minOccurs="0"/>
      <xs:element name="lastSeen" type="xs:int"/>
    </xs:sequence>
  </xs:complexType>
  <xs:complexType name="dajPolaskeVrijeme">
    <xs:sequence>
      <xs:element name="arg0" type="xs:string" minOccurs="0"/>
      <xs:element name="arg1" type="xs:string" minOccurs="0"/>
      <xs:element name="arg2" type="xs:string" minOccurs="0"/>
      <xs:element name="arg3" type="xs:string" minOccurs="0"/>
      <xs:element name="arg4" type="xs:string" minOccurs="0"/>
      <xs:element name="arg5" type="xs:string" minOccurs="0"/>
    </xs:sequence>
  </xs:complexType>
  <xs:complexType name="dajPolaskeVrijemeResponse">
    <xs:sequence>
      <xs:element name="return" type="tns:avionLeti" minOccurs="0" maxOccurs="unbounded"/>
    </xs:sequence>
  </xs:complexType>
  <xs:complexType name="dodajAerodromPreuzimanje">
    <xs:sequence>
      <xs:element name="arg0" type="xs:string" minOccurs="0"/>
      <xs:element name="arg1" type="xs:string" minOccurs="0"/>
      <xs:element name="arg2" type="xs:string" minOccurs="0"/>
    </xs:sequence>
  </xs:complexType>
  <xs:complexType name="dodajAerodromPreuzimanjeResponse">
    <xs:sequence>
      <xs:element name="return" type="xs:boolean"/>
    </xs:sequence>
  </xs:complexType>
</xs:schema>]]></con:content><con:type>http://www.w3.org/2001/XMLSchema</con:type></con:part></con:definitionCache><con:endpoints><con:endpoint>http://webpredmeti:9090/lcmrecak-aplikacija_5/aerodromi</con:endpoint></con:endpoints><con:operation id="1e048e44-a53e-4c23-93d7-8f76d92cbc86" isOneWay="false" action="" name="dajPBP" bindingOperationName="dajPBP" type="Request-Response" inputName="" receivesAttachments="false" sendsAttachments="false" anonymous="optional"><con:settings/><con:call id="b9e94311-e065-46bd-886e-81c0cf4713f0" name="Request 1"><con:settings/><con:encoding>UTF-8</con:encoding><con:endpoint>http://webpredmeti:9090/lcmrecak-aplikacija_5/aerodromi</con:endpoint><con:request><![CDATA[<soapenv:Envelope xmlns:soapenv="http://schemas.xmlsoap.org/soap/envelope/" xmlns:ws="http://ws.projekt.lcmrecak.nwtis.foi.org/">
   <soapenv:Header/>
   <soapenv:Body>
      <ws:dajPBP/>
   </soapenv:Body>
</soapenv:Envelope>]]></con:request><con:wsaConfig mustUnderstand="NONE" version="200508" action="http://ws.projekt.lcmrecak.nwtis.foi.org/WsAerodromi/dajPBPRequest"/></con:call></con:operation><con:operation id="cf2dc321-a7fa-4395-9831-66c1dfda9a8f" isOneWay="false" action="" name="dajPolaskeDan" bindingOperationName="dajPolaskeDan" type="Request-Response" inputName="" receivesAttachments="false" sendsAttachments="false" anonymous="optional"><con:settings/><con:call id="6fd7bf26-d8cb-4faf-a38e-f788fea68dc8" name="Daj polaske"><con:settings><con:setting id="com.eviware.soapui.impl.wsdl.WsdlRequest@request-headers">&lt;xml-fragment/></con:setting></con:settings><con:encoding>UTF-8</con:encoding><con:endpoint>http://webpredmeti:9090/lcmrecak-aplikacija_5/aerodromi</con:endpoint><con:request><![CDATA[<soapenv:Envelope xmlns:soapenv="http://schemas.xmlsoap.org/soap/envelope/" xmlns:ws="http://ws.projekt.lcmrecak.nwtis.foi.org/">
   <soapenv:Header/>
   <soapenv:Body>
      <ws:dajPolaskeDan>
         <!--Optional:-->
         <arg0>ivuk</arg0>
         <!--Optional:-->
         <arg1>214</arg1>
         <!--Optional:-->
         <arg2>EDDF</arg2>
         <!--Optional:-->
         <arg3>14.06.2022</arg3>
         <!--Optional:-->
         <arg4>21.06.2022</arg4>
      </ws:dajPolaskeDan>
   </soapenv:Body>
</soapenv:Envelope>]]></con:request><con:credentials><con:authType>No Authorization</con:authType></con:credentials><con:jmsConfig JMSDeliveryMode="PERSISTENT"/><con:jmsPropertyConfig/><con:wsaConfig mustUnderstand="NONE" version="200508" action="http://ws.projekt.lcmrecak.nwtis.foi.org/WsAerodromi/dajPolaskeDanRequest"/><con:wsrmConfig version="1.2"/></con:call></con:operation><con:operation id="80f382ef-d491-42fd-a83b-3c6af9d2f56a" isOneWay="false" action="" name="dajPolaskeVrijeme" bindingOperationName="dajPolaskeVrijeme" type="Request-Response" inputName="" receivesAttachments="false" sendsAttachments="false" anonymous="optional"><con:settings/><con:call id="68f55c90-01e6-475b-a69b-22cb52bb780f" name="Daj dolaske"><con:settings><con:setting id="com.eviware.soapui.impl.wsdl.WsdlRequest@request-headers">&lt;xml-fragment/></con:setting></con:settings><con:encoding>UTF-8</con:encoding><con:endpoint>http://webpredmeti:9090/lcmrecak-aplikacija_5/aerodromi</con:endpoint><con:request><![CDATA[<soapenv:Envelope xmlns:soapenv="http://schemas.xmlsoap.org/soap/envelope/" xmlns:ws="http://ws.projekt.lcmrecak.nwtis.foi.org/">
   <soapenv:Header/>
   <soapenv:Body>
      <ws:dajPolaskeVrijeme>
         <!--Optional:-->
         <arg0>ivuk</arg0>
         <!--Optional:-->
         <arg1>149</arg1>
         <!--Optional:-->
         <arg2>LDZA</arg2>
         <!--Optional:-->
         <arg3>1641077577</arg3>
         <!--Optional:-->
         <arg4>1641077581</arg4>
      </ws:dajPolaskeVrijeme>
   </soapenv:Body>
</soapenv:Envelope>]]></con:request><con:credentials><con:authType>No Authorization</con:authType></con:credentials><con:jmsConfig JMSDeliveryMode="PERSISTENT"/><con:jmsPropertyConfig/><con:wsaConfig mustUnderstand="NONE" version="200508" action="http://ws.projekt.lcmrecak.nwtis.foi.org/WsAerodromi/dajPolaskeVrijemeRequest"/><con:wsrmConfig version="1.2"/></con:call></con:operation><con:operation id="c9b39633-f666-4e50-a238-bf4771097e41" isOneWay="false" action="" name="dodajAerodromPreuzimanje" bindingOperationName="dodajAerodromPreuzimanje" type="Request-Response" inputName="" receivesAttachments="false" sendsAttachments="false" anonymous="optional"><con:settings/><con:call id="b9eed9fc-beb9-4dc4-b687-642abaf7721a" name="Dodavanje aerodroma"><con:settings><con:setting id="com.eviware.soapui.impl.wsdl.WsdlRequest@request-headers">&lt;xml-fragment/></con:setting></con:settings><con:encoding>UTF-8</con:encoding><con:endpoint>http://webpredmeti:9090/lcmrecak-aplikacija_5/aerodromi</con:endpoint><con:request><![CDATA[<soapenv:Envelope xmlns:soapenv="http://schemas.xmlsoap.org/soap/envelope/" xmlns:ws="http://ws.projekt.lcmrecak.nwtis.foi.org/">
   <soapenv:Header/>
   <soapenv:Body>
      <ws:dodajAerodromPreuzimanje>
         <!--Optional:-->
         <arg0>ivuk</arg0>
         <!--Optional:-->
         <arg1>149</arg1>
         <!--Optional:-->
         <arg2>DNAI</arg2>
      </ws:dodajAerodromPreuzimanje>
   </soapenv:Body>
</soapenv:Envelope>]]></con:request><con:credentials><con:authType>No Authorization</con:authType></con:credentials><con:jmsConfig JMSDeliveryMode="PERSISTENT"/><con:jmsPropertyConfig/><con:wsaConfig mustUnderstand="NONE" version="200508" action="http://ws.projekt.lcmrecak.nwtis.foi.org/WsAerodromi/dodajAerodromPreuzimanjeRequest"/><con:wsrmConfig version="1.2"/></con:call></con:operation></con:interface><con:interface xsi:type="con:WsdlInterface" id="f5bc59bc-9510-47e2-b908-9547a7479f73" wsaVersion="NONE" name="WsMeteoPortBinding" type="wsdl" bindingName="{http://ws.projekt.lcmrecak.nwtis.foi.org/}WsMeteoPortBinding" soapVersion="1_1" anonymous="optional" definition="http://webpredmeti:9090/lcmrecak-aplikacija_5/meteo?wsdl" xmlns:xsi="http://www.w3.org/2001/XMLSchema-instance"><con:settings/><con:definitionCache type="TEXT" rootPart="http://webpredmeti:9090/lcmrecak-aplikacija_5/meteo?wsdl"><con:part><con:url>http://webpredmeti:9090/lcmrecak-aplikacija_5/meteo?wsdl</con:url><con:content><![CDATA[<!--Published by JAX-WS RI (https://github.com/eclipse-ee4j/metro-jax-ws). RI's version is Eclipse Metro/3.0.3 (RELEASE-3.0.3-7a63cef; 2021-10-13T11:40:48+0000) JAXWS-RI/3.0.2 JAXWS-API/3.0.1 JAXB-RI/3.0.2 JAXB-API/3.0.1 git-revision#7a63cef.-->
<!--Generated by JAX-WS RI (https://github.com/eclipse-ee4j/metro-jax-ws). RI's version is Eclipse Metro/3.0.3 (RELEASE-3.0.3-7a63cef; 2021-10-13T11:40:48+0000) JAXWS-RI/3.0.2 JAXWS-API/3.0.1 JAXB-RI/3.0.2 JAXB-API/3.0.1 git-revision#7a63cef.-->
<definitions targetNamespace="http://ws.projekt.lcmrecak.nwtis.foi.org/" name="meteo" xmlns:wsu="http://docs.oasis-open.org/wss/2004/01/oasis-200401-wss-wssecurity-utility-1.0.xsd" xmlns:wsp="http://www.w3.org/ns/ws-policy" xmlns:wsp1_2="http://schemas.xmlsoap.org/ws/2004/09/policy" xmlns:wsam="http://www.w3.org/2007/05/addressing/metadata" xmlns:soap="http://schemas.xmlsoap.org/wsdl/soap/" xmlns:tns="http://ws.projekt.lcmrecak.nwtis.foi.org/" xmlns:xsd="http://www.w3.org/2001/XMLSchema" xmlns="http://schemas.xmlsoap.org/wsdl/">
  <types>
    <xsd:schema>
      <xsd:import namespace="http://ws.projekt.lcmrecak.nwtis.foi.org/" schemaLocation="http://webpredmeti:9090/lcmrecak-aplikacija_5/meteo?xsd=1"/>
    </xsd:schema>
  </types>
  <message name="dajMeteo">
    <part name="parameters" element="tns:dajMeteo"/>
  </message>
  <message name="dajMeteoResponse">
    <part name="parameters" element="tns:dajMeteoResponse"/>
  </message>
  <message name="dajPBP">
    <part name="parameters" element="tns:dajPBP"/>
  </message>
  <message name="dajPBPResponse">
    <part name="parameters" element="tns:dajPBPResponse"/>
  </message>
  <portType name="WsMeteo">
    <operation name="dajMeteo">
      <input wsam:Action="http://ws.projekt.lcmrecak.nwtis.foi.org/WsMeteo/dajMeteoRequest" message="tns:dajMeteo"/>
      <output wsam:Action="http://ws.projekt.lcmrecak.nwtis.foi.org/WsMeteo/dajMeteoResponse" message="tns:dajMeteoResponse"/>
    </operation>
    <operation name="dajPBP">
      <input wsam:Action="http://ws.projekt.lcmrecak.nwtis.foi.org/WsMeteo/dajPBPRequest" message="tns:dajPBP"/>
      <output wsam:Action="http://ws.projekt.lcmrecak.nwtis.foi.org/WsMeteo/dajPBPResponse" message="tns:dajPBPResponse"/>
    </operation>
  </portType>
  <binding name="WsMeteoPortBinding" type="tns:WsMeteo">
    <soap:binding transport="http://schemas.xmlsoap.org/soap/http" style="document"/>
    <operation name="dajMeteo">
      <soap:operation soapAction=""/>
      <input>
        <soap:body use="literal"/>
      </input>
      <output>
        <soap:body use="literal"/>
      </output>
    </operation>
    <operation name="dajPBP">
      <soap:operation soapAction=""/>
      <input>
        <soap:body use="literal"/>
      </input>
      <output>
        <soap:body use="literal"/>
      </output>
    </operation>
  </binding>
  <service name="meteo">
    <port name="WsMeteoPort" binding="tns:WsMeteoPortBinding">
      <soap:address location="http://webpredmeti:9090/lcmrecak-aplikacija_5/meteo"/>
    </port>
  </service>
</definitions>]]></con:content><con:type>http://schemas.xmlsoap.org/wsdl/</con:type></con:part><con:part><con:url>http://webpredmeti:9090/lcmrecak-aplikacija_5/meteo?xsd=1</con:url><con:content><![CDATA[<!--Published by JAX-WS RI (https://github.com/eclipse-ee4j/metro-jax-ws). RI's version is Eclipse Metro/3.0.3 (RELEASE-3.0.3-7a63cef; 2021-10-13T11:40:48+0000) JAXWS-RI/3.0.2 JAXWS-API/3.0.1 JAXB-RI/3.0.2 JAXB-API/3.0.1 git-revision#7a63cef.-->
<xs:schema version="1.0" targetNamespace="http://ws.projekt.lcmrecak.nwtis.foi.org/" xmlns:tns="http://ws.projekt.lcmrecak.nwtis.foi.org/" xmlns:xs="http://www.w3.org/2001/XMLSchema">
  <xs:element name="dajMeteo" type="tns:dajMeteo"/>
  <xs:element name="dajMeteoResponse" type="tns:dajMeteoResponse"/>
  <xs:element name="dajPBP" type="tns:dajPBP"/>
  <xs:element name="dajPBPResponse" type="tns:dajPBPResponse"/>
  <xs:complexType name="dajMeteo">
    <xs:sequence>
      <xs:element name="arg0" type="xs:string" minOccurs="0"/>
      <xs:element name="arg1" type="xs:string" minOccurs="0"/>
      <xs:element name="arg2" type="xs:string" minOccurs="0"/>
    </xs:sequence>
  </xs:complexType>
  <xs:complexType name="dajMeteoResponse">
    <xs:sequence>
      <xs:element name="return" type="tns:meteoPodaci" minOccurs="0"/>
    </xs:sequence>
  </xs:complexType>
  <xs:complexType name="meteoPodaci">
    <xs:sequence>
      <xs:element name="cloudsName" type="xs:string" minOccurs="0"/>
      <xs:element name="cloudsValue" type="xs:int"/>
      <xs:element name="humidityUnit" type="xs:string" minOccurs="0"/>
      <xs:element name="humidityValue" type="xs:float" minOccurs="0"/>
      <xs:element name="lastUpdate" type="xs:dateTime" minOccurs="0"/>
      <xs:element name="precipitationMode" type="xs:string" minOccurs="0"/>
      <xs:element name="precipitationUnit" type="xs:string" minOccurs="0"/>
      <xs:element name="precipitationValue" type="xs:float" minOccurs="0"/>
      <xs:element name="pressureUnit" type="xs:string" minOccurs="0"/>
      <xs:element name="pressureValue" type="xs:float" minOccurs="0"/>
      <xs:element name="sunRise" type="xs:dateTime" minOccurs="0"/>
      <xs:element name="sunSet" type="xs:dateTime" minOccurs="0"/>
      <xs:element name="temperatureMax" type="xs:float" minOccurs="0"/>
      <xs:element name="temperatureMin" type="xs:float" minOccurs="0"/>
      <xs:element name="temperatureUnit" type="xs:string" minOccurs="0"/>
      <xs:element name="temperatureValue" type="xs:float" minOccurs="0"/>
      <xs:element name="visibility" type="xs:string" minOccurs="0"/>
      <xs:element name="weatherIcon" type="xs:string" minOccurs="0"/>
      <xs:element name="weatherNumber" type="xs:int"/>
      <xs:element name="weatherValue" type="xs:string" minOccurs="0"/>
      <xs:element name="windDirectionCode" type="xs:string" minOccurs="0"/>
      <xs:element name="windDirectionName" type="xs:string" minOccurs="0"/>
      <xs:element name="windDirectionValue" type="xs:float" minOccurs="0"/>
      <xs:element name="windSpeedName" type="xs:string" minOccurs="0"/>
      <xs:element name="windSpeedValue" type="xs:float" minOccurs="0"/>
    </xs:sequence>
  </xs:complexType>
  <xs:complexType name="dajPBP">
    <xs:sequence/>
  </xs:complexType>
  <xs:complexType name="dajPBPResponse">
    <xs:sequence>
      <xs:element name="return" type="tns:postavkeBazaPodataka" minOccurs="0"/>
    </xs:sequence>
  </xs:complexType>
  <xs:complexType name="postavkeBazaPodataka">
    <xs:complexContent>
      <xs:extension base="tns:konfiguracijaApstraktna">
        <xs:sequence/>
      </xs:extension>
    </xs:complexContent>
  </xs:complexType>
  <xs:complexType name="konfiguracijaApstraktna" abstract="true">
    <xs:sequence/>
  </xs:complexType>
</xs:schema>]]></con:content><con:type>http://www.w3.org/2001/XMLSchema</con:type></con:part></con:definitionCache><con:endpoints><con:endpoint>http://webpredmeti:9090/lcmrecak-aplikacija_5/meteo</con:endpoint></con:endpoints><con:operation id="8f02c5eb-2bac-4b73-8511-cb9b6f7c8364" isOneWay="false" action="" name="dajMeteo" bindingOperationName="dajMeteo" type="Request-Response" inputName="" receivesAttachments="false" sendsAttachments="false" anonymous="optional"><con:settings/><con:call id="942e4758-c499-455a-9664-8ee1c2a8ec6d" name="Request 1"><con:settings><con:setting id="com.eviware.soapui.impl.wsdl.WsdlRequest@request-headers">&lt;xml-fragment/></con:setting></con:settings><con:encoding>UTF-8</con:encoding><con:endpoint>http://webpredmeti:9090/lcmrecak-aplikacija_5/meteo</con:endpoint><con:request><![CDATA[<soapenv:Envelope xmlns:soapenv="http://schemas.xmlsoap.org/soap/envelope/" xmlns:ws="http://ws.projekt.lcmrecak.nwtis.foi.org/">
   <soapenv:Header/>
   <soapenv:Body>
      <ws:dajMeteo>
         <!--Optional:-->
         <arg0>ivuk</arg0>
         <!--Optional:-->
         <arg1>149</arg1>
         <!--Optional:-->
         <arg2>LDZA</arg2>
      </ws:dajMeteo>
   </soapenv:Body>
</soapenv:Envelope>]]></con:request><con:credentials><con:authType>No Authorization</con:authType></con:credentials><con:jmsConfig JMSDeliveryMode="PERSISTENT"/><con:jmsPropertyConfig/><con:wsaConfig mustUnderstand="NONE" version="200508" action="http://ws.projekt.lcmrecak.nwtis.foi.org/WsMeteo/dajMeteoRequest"/><con:wsrmConfig version="1.2"/></con:call></con:operation><con:operation id="374b266f-f317-44c8-b9bb-58433b0b2b86" isOneWay="false" action="" name="dajPBP" bindingOperationName="dajPBP" type="Request-Response" inputName="" receivesAttachments="false" sendsAttachments="false" anonymous="optional"><con:settings/><con:call id="47a3d6d2-e69a-4a19-9557-952fdfed877f" name="Request 1"><con:settings/><con:encoding>UTF-8</con:encoding><con:endpoint>http://webpredmeti:9090/lcmrecak-aplikacija_5/meteo</con:endpoint><con:request><![CDATA[<soapenv:Envelope xmlns:soapenv="http://schemas.xmlsoap.org/soap/envelope/" xmlns:ws="http://ws.projekt.lcmrecak.nwtis.foi.org/">
   <soapenv:Header/>
   <soapenv:Body>
      <ws:dajPBP/>
   </soapenv:Body>
</soapenv:Envelope>]]></con:request><con:wsaConfig mustUnderstand="NONE" version="200508" action="http://ws.projekt.lcmrecak.nwtis.foi.org/WsMeteo/dajPBPRequest"/></con:call></con:operation></con:interface><con:properties/><con:wssContainer/><con:oAuth2ProfileContainer/><con:oAuth1ProfileContainer/></con:soapui-project>